filename,acne,acne_marks,stains,wrinkles,dark_circles
001264_black_female_31_0_0_1_1_0.jpg,0,0,1,1,0
001275_Indian_male_46_0_1_1_1_1.jpg,0,1,1,1,1
001286_Caucasian_male_17_1_0_1_0_0.jpg,1,0,1,0,0
001286_Indian_male_35_1_1_1_1_1.jpg,1,1,1,1,1
001287_Caucasian_male_18_0_1_1_1_1.jpg,0,1,1,1,1
001292_Indian_female_34_0_0_1_1_1.jpg,0,0,1,1,1
001298_Indian_female_30_1_1_1_1_1.jpg,1,1,1,1,1
001305_black_male_25_0_0_1_0_0.jpg,0,0,1,0,0
001308_Indian_male_28_0_1_1_1_1.jpg,0,1,1,1,1
001309_Asian_male_25_1_1_1_0_1.jpg,1,1,1,0,1
001315_black_female_41_0_1_1_1_0.jpg,0,1,1,1,0
001317_Asian_male_23_1_1_1_1_1.jpg,1,1,1,1,1
001324_Asian_male_25_1_1_1_1_1.jpg,1,1,1,1,1
001328_Indian_female_47_0_0_1_1_1.jpg,0,0,1,1,1
001331_black_female_24_1_1_1_1_0.jpg,1,1,1,1,0
001341_black_female_37_1_0_1_1_0.jpg,1,0,1,1,0
001349_Indian_male_30_0_1_1_1_1.jpg,0,1,1,1,1
001350_Caucasian_male_18_0_0_1_1_0.jpg,0,0,1,1,0
001359_black_female_22_1_0_1_1_0.jpg,1,0,1,1,0
001366_Caucasian_female_16_0_0_1_1_0.jpg,0,0,1,1,0
001373_Caucasian_female_17_1_1_1_1_1.jpg,1,1,1,1,1
001375_Caucasian_male_21_1_0_1_1_0.jpg,1,0,1,1,0
001379_Caucasian_male_17_1_1_1_1_0.jpg,1,1,1,1,0
001382_Indian_male_21_0_1_1_1_1.jpg,0,1,1,1,1
001383_Asian_male_25_0_1_1_1_0.jpg,0,1,1,1,0
001388_Caucasian_male_19_0_0_1_1_1.jpg,0,0,1,1,1
001389_black_female_24_1_1_1_1_0.jpg,1,1,1,1,0
001389_Caucasian_female_17_1_1_1_1_1.jpg,1,1,1,1,1
001391_Indian_female_30_0_1_1_1_0.jpg,0,1,1,1,0
001393_Asian_male_26_0_1_1_1_0.jpg,0,1,1,1,0
001398_Indian_female_38_0_0_1_1_0.jpg,0,0,1,1,0
001410_Indian_female_32_0_0_1_1_0.jpg,0,0,1,1,0
001412_Asian_male_23_1_1_1_0_0.jpg,1,1,1,0,0
001414_Indian_male_33_0_0_1_1_1.jpg,0,0,1,1,1
001417_Caucasian_female_17_0_1_1_1_0.jpg,0,1,1,1,0
001420_Asian_male_23_0_1_1_0_0.jpg,0,1,1,0,0
001425_Indian_female_35_0_0_1_1_1.jpg,0,0,1,1,1
001429_Asian_male_24_0_0_1_1_1.jpg,0,0,1,1,1
001440_black_female_28_1_1_1_1_0.jpg,1,1,1,1,0
001444_Asian_male_19_0_1_1_1_1.jpg,0,1,1,1,1
001458_black_female_45_0_1_1_1_0.jpg,0,1,1,1,0
001460_Asian_male_22_1_1_1_1_0.jpg,1,1,1,1,0
001464_Caucasian_male_17_0_1_1_0_0.jpg,0,1,1,0,0
001465_Caucasian_female_20_0_1_1_1_1.jpg,0,1,1,1,1
001472_Indian_female_23_1_1_1_1_1.jpg,1,1,1,1,1
001477_Indian_female_45_0_0_1_1_1.jpg,0,0,1,1,1
001484_Asian_male_25_0_1_1_1_0.jpg,0,1,1,1,0
001493_black_female_30_1_1_0_1_0.jpg,1,1,0,1,0
001496_Indian_male_19_1_1_1_1_1.jpg,1,1,1,1,1
001500_Asian_male_26_1_1_1_1_1.jpg,1,1,1,1,1
001502_Caucasian_male_21_1_1_1_1_0.jpg,1,1,1,1,0
001502_Indian_female_34_0_0_1_1_1.jpg,0,0,1,1,1
001529_black_male_28_1_1_1_1_0.jpg,1,1,1,1,0
001532_Asian_male_24_1_0_1_1_0.jpg,1,0,1,1,0
001536_Asian_male_25_0_1_1_1_0.jpg,0,1,1,1,0
001540_black_male_27_1_1_1_1_0.jpg,1,1,1,1,0
001543_Indian_female_44_0_0_1_1_1.jpg,0,0,1,1,1
001546_Asian_male_24_1_1_1_1_1.jpg,1,1,1,1,1
001553_black_male_23_0_1_1_1_0.jpg,0,1,1,1,0
001558_Indian_male_28_1_1_1_1_1.jpg,1,1,1,1,1
001559_Caucasian_female_18_0_1_1_1_1.jpg,0,1,1,1,1
001564_Indian_male_21_1_1_0_1_1.jpg,1,1,0,1,1
001565_Caucasian_female_16_0_0_1_1_0.jpg,0,0,1,1,0
001567_Indian_male_29_1_1_1_1_1.jpg,1,1,1,1,1
001571_black_male_32_1_1_1_1_0.jpg,1,1,1,1,0
001571_Caucasian_male_18_1_1_1_1_0.jpg,1,1,1,1,0
001579_Indian_male_28_0_1_1_1_1.jpg,0,1,1,1,1
001599_Indian_female_40_0_0_1_1_1.jpg,0,0,1,1,1
001600_Indian_female_19_0_1_1_1_1.jpg,0,1,1,1,1
001606_Caucasian_male_17_0_1_1_1_1.jpg,0,1,1,1,1
001610_Caucasian_male_18_1_1_1_1_1.jpg,1,1,1,1,1
001611_Asian_male_25_1_1_1_1_0.jpg,1,1,1,1,0
001613_Indian_female_48_0_0_1_1_0.jpg,0,0,1,1,0
001618_Asian_male_25_1_1_1_1_0.jpg,1,1,1,1,0
001619_Indian_female_42_1_1_1_1_1.jpg,1,1,1,1,1
001626_Asian_male_25_1_1_1_1_1.jpg,1,1,1,1,1
001626_black_male_36_1_1_1_1_0.jpg,1,1,1,1,0
001628_Asian_male_25_1_1_1_1_0.jpg,1,1,1,1,0
001633_Caucasian_male_19_0_0_1_1_1.jpg,0,0,1,1,1
001634_Asian_male_24_1_1_1_1_1.jpg,1,1,1,1,1
001636_Caucasian_male_17_0_1_1_1_1.jpg,0,1,1,1,1
001638_Indian_male_23_1_1_1_1_0.jpg,1,1,1,1,0
001643_Indian_female_36_1_1_1_1_1.jpg,1,1,1,1,1
001646_Asian_male_22_1_1_1_1_1.jpg,1,1,1,1,1
001648_black_male_30_1_0_1_1_0.jpg,1,0,1,1,0
001650_Asian_male_25_1_1_1_1_0.jpg,1,1,1,1,0
001651_black_male_34_1_1_0_1_0.jpg,1,1,0,1,0
001656_Caucasian_female_17_0_0_1_0_1.jpg,0,0,1,0,1
001658_Caucasian_male_25_1_0_1_1_1.jpg,1,0,1,1,1
001658_Indian_male_24_1_0_1_1_1.jpg,1,0,1,1,1
001659_black_male_27_0_0_1_1_0.jpg,0,0,1,1,0
001662_Indian_male_35_1_1_1_1_1.jpg,1,1,1,1,1
001667_Caucasian_male_18_1_1_1_1_1.jpg,1,1,1,1,1
001669_black_male_30_1_0_1_1_0.jpg,1,0,1,1,0
001671_Caucasian_female_19_1_1_1_1_0.jpg,1,1,1,1,0
001675_Indian_male_25_1_0_1_1_1.jpg,1,0,1,1,1
001681_black_male_45_1_1_1_1_0.jpg,1,1,1,1,0
001682_black_male_31_1_1_1_1_0.jpg,1,1,1,1,0
001686_Caucasian_male_18_1_1_1_1_1.jpg,1,1,1,1,1
001692_Caucasian_male_19_0_1_1_1_1.jpg,0,1,1,1,1
001695_Caucasian_male_17_0_1_1_1_0.jpg,0,1,1,1,0
001696_Asian_male_21_1_1_1_1_0.jpg,1,1,1,1,0
001699_Indian_male_22_1_1_1_1_1.jpg,1,1,1,1,1
001704_black_male_39_0_1_1_1_0.jpg,0,1,1,1,0
001712_Asian_male_23_0_1_1_0_0.jpg,0,1,1,0,0
001712_black_male_35_0_0_1_1_0.jpg,0,0,1,1,0
001719_black_male_42_0_0_1_1_0.jpg,0,0,1,1,0
001721_Asian_male_23_1_1_1_1_0.jpg,1,1,1,1,0
001721_Indian_male_25_1_1_1_1_0.jpg,1,1,1,1,0
001723_Caucasian_female_18_1_1_1_1_1.jpg,1,1,1,1,1
001737_black_male_27_0_0_1_1_0.jpg,0,0,1,1,0
001738_black_male_24_0_0_1_1_0.jpg,0,0,1,1,0
001740_black_male_28_0_1_0_1_0.jpg,0,1,0,1,0
001745_Asian_male_23_0_1_1_1_1.jpg,0,1,1,1,1
001750_Caucasian_male_16_0_0_1_1_1.jpg,0,0,1,1,1
001751_Indian_female_42_0_1_1_1_1.jpg,0,1,1,1,1
001763_black_male_27_0_1_1_1_0.jpg,0,1,1,1,0
001764_black_male_37_0_1_1_1_0.jpg,0,1,1,1,0
001764_Caucasian_male_19_0_1_1_1_1.jpg,0,1,1,1,1
001766_Asian_male_26_0_1_1_1_0.jpg,0,1,1,1,0
001766_black_male_27_1_1_1_1_0.jpg,1,1,1,1,0
001781_Caucasian_male_17_0_1_1_1_1.jpg,0,1,1,1,1
001788_Asian_male_25_1_1_1_1_1.jpg,1,1,1,1,1
001792_Caucasian_male_16_0_1_1_1_0.jpg,0,1,1,1,0
001796_Asian_male_25_1_1_1_1_0.jpg,1,1,1,1,0
001800_Caucasian_male_16_1_0_1_1_1.jpg,1,0,1,1,1
001801_Asian_male_23_0_1_1_1_0.jpg,0,1,1,1,0
001803_black_male_30_1_0_1_1_0.jpg,1,0,1,1,0
001803_Indian_female_23_1_1_1_1_1.jpg,1,1,1,1,1
001807_Caucasian_female_19_0_0_1_1_1.jpg,0,0,1,1,1
001810_Asian_male_24_1_1_1_1_0.jpg,1,1,1,1,0
001814_Indian_female_37_1_0_1_1_1.jpg,1,0,1,1,1
001816_Caucasian_female_19_1_0_1_1_0.jpg,1,0,1,1,0
001821_Caucasian_male_17_0_1_1_1_1.jpg,0,1,1,1,1
001827_Asian_male_25_0_1_1_1_0.jpg,0,1,1,1,0
001828_Caucasian_female_17_0_1_1_1_1.jpg,0,1,1,1,1
001830_Indian_female_19_0_1_1_1_1.jpg,0,1,1,1,1
001835_Indian_female_40_1_1_1_1_1.jpg,1,1,1,1,1
001837_Caucasian_female_19_1_1_1_1_1.jpg,1,1,1,1,1
001843_Caucasian_male_19_0_1_1_1_0.jpg,0,1,1,1,0
001844_Indian_male_50_0_0_1_1_1.jpg,0,0,1,1,1
001855_Caucasian_male_18_0_1_1_1_1.jpg,0,1,1,1,1
001867_black_male_35_0_0_1_1_0.jpg,0,0,1,1,0
001870_black_female_25_0_0_1_1_0.jpg,0,0,1,1,0
001873_Caucasian_female_17_0_1_1_1_0.jpg,0,1,1,1,0
001877_Caucasian_female_17_0_1_1_1_0.jpg,0,1,1,1,0
001894_Indian_male_42_0_0_0_1_1.jpg,0,0,0,1,1
001899_Asian_male_24_0_1_1_1_1.jpg,0,1,1,1,1
001902_black_male_44_0_1_1_1_0.jpg,0,1,1,1,0
001906_Caucasian_female_17_1_1_1_1_0.jpg,1,1,1,1,0
001908_Indian_female_24_0_1_1_1_1.jpg,0,1,1,1,1
001917_Indian_male_21_1_0_1_1_1.jpg,1,0,1,1,1
001918_Asian_male_23_0_1_1_1_0.jpg,0,1,1,1,0
001929_Asian_male_25_0_0_1_1_0.jpg,0,0,1,1,0
001932_black_male_20_1_1_0_1_0.jpg,1,1,0,1,0
001950_Asian_male_26_0_1_1_1_1.jpg,0,1,1,1,1
001950_Indian_female_22_0_0_1_1_1.jpg,0,0,1,1,1
001953_Indian_male_30_0_1_1_1_1.jpg,0,1,1,1,1
001958_black_male_21_1_0_1_1_0.jpg,1,0,1,1,0
001960_Asian_male_25_1_1_1_0_0.jpg,1,1,1,0,0
001962_Asian_male_25_0_1_1_1_0.jpg,0,1,1,1,0
001965_Caucasian_male_18_0_0_1_1_1.jpg,0,0,1,1,1
001973_black_male_63_0_0_1_1_0.jpg,0,0,1,1,0
001977_Indian_male_30_0_1_1_1_1.jpg,0,1,1,1,1
001984_Asian_female_16_1_1_1_1_1.jpg,1,1,1,1,1
001988_Asian_female_33_0_1_1_1_1.jpg,0,1,1,1,1
001990_black_female_45_0_0_1_1_0.jpg,0,0,1,1,0
001991_Caucasian_female_18_0_0_1_1_1.jpg,0,0,1,1,1
001995_Indian_male_20_0_1_1_1_1.jpg,0,1,1,1,1
002001_Indian_male_24_0_0_1_1_1.jpg,0,0,1,1,1
002005_Indian_female_22_0_1_1_1_1.jpg,0,1,1,1,1
002012_Asian_female_42_0_0_1_1_0.jpg,0,0,1,1,0
002017_Asian_female_38_0_0_1_1_1.jpg,0,0,1,1,1
002017_Indian_male_20_0_1_1_1_1.jpg,0,1,1,1,1
002019_Indian_male_21_1_1_1_1_1.jpg,1,1,1,1,1
002020_Indian_female_20_0_1_1_1_1.jpg,0,1,1,1,1
002021_Caucasian_female_19_0_1_1_1_0.jpg,0,1,1,1,0
002025_Caucasian_female_16_0_1_1_1_0.jpg,0,1,1,1,0
002034_black_male_42_0_0_0_1_0.jpg,0,0,0,1,0
002043_Indian_female_19_0_1_1_1_1.jpg,0,1,1,1,1
002045_Indian_female_20_0_1_1_1_1.jpg,0,1,1,1,1
002048_Asian_female_24_0_1_1_1_1.jpg,0,1,1,1,1
002050_Indian_male_20_1_0_1_1_1.jpg,1,0,1,1,1
002051_Indian_male_28_1_0_1_1_0.jpg,1,0,1,1,0
002052_black_male_52_0_0_1_1_0.jpg,0,0,1,1,0
002055_Indian_female_21_0_1_1_1_1.jpg,0,1,1,1,1
002057_Caucasian_female_17_0_1_1_1_0.jpg,0,1,1,1,0
002060_Asian_female_24_0_0_1_1_0.jpg,0,0,1,1,0
002060_Caucasian_female_16_0_1_1_1_1.jpg,0,1,1,1,1
002061_Caucasian_female_17_0_0_1_1_1.jpg,0,0,1,1,1
002062_Caucasian_female_16_0_0_1_0_1.jpg,0,0,1,0,1
002063_black_male_47_0_1_1_1_0.jpg,0,1,1,1,0
002075_Caucasian_male_17_1_1_1_1_0.jpg,1,1,1,1,0
002076_Caucasian_male_16_0_0_1_1_1.jpg,0,0,1,1,1
002078_black_male_21_0_0_1_1_0.jpg,0,0,1,1,0
002080_Caucasian_male_16_0_0_1_1_1.jpg,0,0,1,1,1
002083_Asian_female_22_0_1_1_0_1.jpg,0,1,1,0,1
002085_black_male_37_0_0_1_1_0.jpg,0,0,1,1,0
002085_Caucasian_female_17_0_1_1_1_1.jpg,0,1,1,1,1
002086_Asian_female_20_0_1_1_1_1.jpg,0,1,1,1,1
002090_black_male_35_0_0_1_0_0.jpg,0,0,1,0,0
002094_Caucasian_female_16_1_1_1_1_0.jpg,1,1,1,1,0
002105_black_male_40_0_1_1_1_0.jpg,0,1,1,1,0
002107_black_male_48_0_0_1_1_0.jpg,0,0,1,1,0
002114_Asian_female_20_0_1_1_0_0.jpg,0,1,1,0,0
002116_Indian_female_22_1_1_0_1_1.jpg,1,1,0,1,1
002117_black_male_33_1_1_0_1_0.jpg,1,1,0,1,0
002120_Caucasian_male_18_1_0_1_1_1.jpg,1,0,1,1,1
002127_Asian_female_40_0_0_1_1_1.jpg,0,0,1,1,1
002132_Indian_female_30_1_1_0_1_1.jpg,1,1,0,1,1
002133_Caucasian_female_18_0_0_1_1_1.jpg,0,0,1,1,1
002134_black_male_21_0_0_1_1_0.jpg,0,0,1,1,0
002137_Indian_female_34_0_0_1_1_1.jpg,0,0,1,1,1
002140_Indian_female_40_0_1_1_1_1.jpg,0,1,1,1,1
002142_Asian_female_20_0_0_1_0_0.jpg,0,0,1,0,0
002147_black_male_28_1_0_1_1_0.jpg,1,0,1,1,0
002148_Asian_female_40_1_0_1_1_0.jpg,1,0,1,1,0
002148_Indian_female_45_0_0_1_1_1.jpg,0,0,1,1,1
002151_Indian_female_48_0_0_1_1_1.jpg,0,0,1,1,1
002152_Asian_female_17_0_0_1_1_0.jpg,0,0,1,1,0
002153_Asian_female_35_0_0_1_1_0.jpg,0,0,1,1,0
002157_Asian_female_19_0_0_1_1_0.jpg,0,0,1,1,0
002169_black_male_35_0_0_1_1_0.jpg,0,0,1,1,0
002170_Indian_female_48_0_0_1_1_0.jpg,0,0,1,1,0
002172_Indian_female_50_0_1_1_1_1.jpg,0,1,1,1,1
002174_Indian_female_45_0_0_1_1_1.jpg,0,0,1,1,1
002175_black_male_57_0_0_1_1_0.jpg,0,0,1,1,0
002177_Asian_female_18_0_0_1_1_0.jpg,0,0,1,1,0
002179_Indian_female_36_1_0_1_1_1.jpg,1,0,1,1,1
002185_Caucasian_female_18_0_0_1_1_0.jpg,0,0,1,1,0
002188_Indian_female_38_1_0_1_1_1.jpg,1,0,1,1,1
002190_Caucasian_male_19_1_0_1_1_0.jpg,1,0,1,1,0
002192_Asian_female_60_0_0_1_1_0.jpg,0,0,1,1,0
002198_black_male_35_1_0_1_1_0.jpg,1,0,1,1,0
002200_Indian_female_45_0_0_1_1_1.jpg,0,0,1,1,1
002206_Indian_female_40_0_1_1_1_1.jpg,0,1,1,1,1
002207_Asian_female_48_0_1_1_1_0.jpg,0,1,1,1,0
002212_black_male_26_1_0_0_1_0.jpg,1,0,0,1,0
002216_black_male_33_0_0_1_1_0.jpg,0,0,1,1,0
002231_Caucasian_female_19_1_0_1_1_1.jpg,1,0,1,1,1
002232_Asian_female_17_1_0_1_1_0.jpg,1,0,1,1,0
002233_Asian_female_17_0_0_1_1_0.jpg,0,0,1,1,0
002233_black_male_49_0_0_0_1_0.jpg,0,0,0,1,0
002233_Indian_female_37_1_1_1_1_1.jpg,1,1,1,1,1
002237_black_male_24_1_0_1_1_0.jpg,1,0,1,1,0
002239_Asian_female_21_0_0_0_0_1.jpg,0,0,0,0,1
002243_Asian_female_22_1_1_1_0_1.jpg,1,1,1,0,1
002250_black_male_33_1_0_1_1_0.jpg,1,0,1,1,0
002250_Caucasian_male_19_1_1_1_1_0.jpg,1,1,1,1,0
002253_Asian_female_26_1_1_1_1_1.jpg,1,1,1,1,1
002254_black_male_23_1_1_1_1_0.jpg,1,1,1,1,0
002257_Asian_female_23_1_1_1_1_0.jpg,1,1,1,1,0
002260_Asian_female_22_1_0_1_1_1.jpg,1,0,1,1,1
002260_Caucasian_male_18_1_0_1_1_0.jpg,1,0,1,1,0
002277_black_male_46_1_0_1_1_0.jpg,1,0,1,1,0
002279_Caucasian_male_28_0_1_1_1_1.jpg,0,1,1,1,1
002282_Asian_female_19_1_1_1_1_1.jpg,1,1,1,1,1
002290_Asian_female_18_1_1_1_1_1.jpg,1,1,1,1,1
002293_Indian_male_19_1_0_1_1_1.jpg,1,0,1,1,1
002294_Indian_male_26_0_1_1_1_1.jpg,0,1,1,1,1
002295_Indian_male_19_1_0_1_1_0.jpg,1,0,1,1,0
002296_Caucasian_male_21_1_0_1_1_0.jpg,1,0,1,1,0
002301_Caucasian_female_29_1_0_1_1_1.JPG,1,0,1,1,1
002304_black_male_34_1_0_1_1_0.jpg,1,0,1,1,0
002306_Indian_female_30_0_0_1_1_1.jpg,0,0,1,1,1
002310_black_male_58_0_0_1_1_0.jpg,0,0,1,1,0
002314_Asian_female_17_0_1_1_0_1.jpg,0,1,1,0,1
002314_Indian_female_19_0_0_1_1_1.jpg,0,0,1,1,1
002316_Caucasian_male_20_1_1_1_1_1.jpg,1,1,1,1,1
002317_Asian_female_18_0_1_1_1_1.jpg,0,1,1,1,1
002327_black_male_33_0_0_1_1_0.jpg,0,0,1,1,0
002342_Indian_male_21_0_0_1_1_1.jpg,0,0,1,1,1
002344_black_male_36_1_0_0_1_0.jpg,1,0,0,1,0
002346_Caucasian_female_20_1_1_1_1_1.jpg,1,1,1,1,1
002352_Caucasian_female_20_0_1_1_1_1.jpg,0,1,1,1,1
002353_Indian_male_28_0_1_1_1_0.jpg,0,1,1,1,0
002359_Caucasian_female_18_0_1_1_1_0.jpg,0,1,1,1,0
002360_Asian_female_23_0_1_1_1_0.jpg,0,1,1,1,0
002366_Caucasian_female_18_1_1_1_1_1.jpg,1,1,1,1,1
002368_black_male_47_0_0_1_1_0.jpg,0,0,1,1,0
002373_Caucasian_female_18_1_1_1_1_1.jpg,1,1,1,1,1
002376_black_male_23_0_0_1_1_0.jpg,0,0,1,1,0
002380_black_male_65_0_0_1_1_0.jpg,0,0,1,1,0
002381_Asian_female_25_0_0_1_1_0.jpg,0,0,1,1,0
002381_black_male_32_1_1_1_1_0.jpg,1,1,1,1,0
002385_black_male_23_0_0_1_1_0.jpg,0,0,1,1,0
002391_black_male_39_0_0_1_1_0.jpg,0,0,1,1,0
002393_Caucasian_female_23_1_1_1_1_1.jpg,1,1,1,1,1
002399_Asian_female_24_0_0_1_0_0.jpg,0,0,1,0,0
002401_black_male_22_1_0_1_1_0.jpg,1,0,1,1,0
002402_Caucasian_female_18_1_1_1_1_1.jpg,1,1,1,1,1
002416_Asian_female_22_1_1_1_1_1.jpg,1,1,1,1,1
002418_black_male_39_0_0_1_1_0.jpg,0,0,1,1,0
002421_Asian_female_25_0_1_1_1_1.jpg,0,1,1,1,1
002422_Caucasian_female_21_0_0_1_1_1.jpg,0,0,1,1,1
002424_Caucasian_male_18_0_0_1_1_1.jpg,0,0,1,1,1
002427_Caucasian_female_18_0_1_1_1_0.jpg,0,1,1,1,0
002436_black_male_32_0_1_1_1_0.jpg,0,1,1,1,0
002452_Asian_female_23_0_1_1_0_1.jpg,0,1,1,0,1
002453_Caucasian_female_18_1_1_1_1_1.jpg,1,1,1,1,1
002468_Asian_female_24_0_0_1_1_0.jpg,0,0,1,1,0
002476_Asian_female_23_1_1_1_1_1.jpg,1,1,1,1,1
002476_black_male_30_0_0_1_1_0.jpg,0,0,1,1,0
002482_Indian_male_28_0_1_1_1_1.jpg,0,1,1,1,1
002488_black_male_27_0_0_1_1_0.jpg,0,0,1,1,0
002494_Asian_female_22_1_1_1_1_1.jpg,1,1,1,1,1
002497_Asian_female_23_0_1_1_1_1.jpg,0,1,1,1,1
002500_Asian_female_23_1_1_1_1_0.jpg,1,1,1,1,0
002500_Caucasian_male_19_0_0_1_1_0.jpg,0,0,1,1,0
002502_Asian_female_22_0_1_1_1_0.jpg,0,1,1,1,0
002504_Asian_female_24_0_1_1_0_0.jpg,0,1,1,0,0
002504_black_female_36_0_0_1_1_0.jpg,0,0,1,1,0
002507_black_female_28_0_0_1_1_0.jpg,0,0,1,1,0
002509_Asian_female_24_1_1_1_1_1.jpg,1,1,1,1,1
002509_Indian_female_39_0_0_1_1_0.jpg,0,0,1,1,0
002517_Indian_female_32_0_1_1_1_1.jpg,0,1,1,1,1
002524_Caucasian_male_19_0_0_1_1_0.jpg,0,0,1,1,0
002527_Caucasian_male_19_0_1_1_1_0.jpg,0,1,1,1,0
002529_Indian_male_20_1_1_1_1_1.jpg,1,1,1,1,1
002530_Asian_male_44_0_0_1_1_0.jpg,0,0,1,1,0
002537_Asian_female_25_0_0_1_1_0.jpg,0,0,1,1,0
002540_black_male_68_0_0_0_1_0.jpg,0,0,0,1,0
002543_Caucasian_male_21_0_1_1_1_0.jpg,0,1,1,1,0
002545_Caucasian_male_18_1_1_1_1_1.jpg,1,1,1,1,1
002550_Caucasian_female_20_0_1_0_1_0.jpg,0,1,0,1,0
002553_Caucasian_male_18_0_0_0_1_1.jpg,0,0,0,1,1
002561_Indian_female_23_1_1_1_1_1.jpg,1,1,1,1,1
002565_Asian_male_23_0_0_1_0_0.jpg,0,0,1,0,0
002573_Caucasian_female_19_1_1_1_1_1.jpg,1,1,1,1,1
002576_Caucasian_female_18_1_1_1_1_0.jpg,1,1,1,1,0
002593_Indian_male_24_1_1_1_1_1.jpg,1,1,1,1,1
002598_Asian_male_27_1_1_1_1_0.jpg,1,1,1,1,0
002603_black_male_27_0_0_1_1_0.jpg,0,0,1,1,0
002605_Asian_male_25_0_0_1_1_1.jpg,0,0,1,1,1
002610_black_female_39_1_0_1_1_0.jpg,1,0,1,1,0
002613_Asian_male_25_0_0_1_1_1.jpg,0,0,1,1,1
002613_Indian_male_26_1_1_1_1_1.jpg,1,1,1,1,1
002616_black_female_25_0_0_0_1_0.jpg,0,0,0,1,0
002617_black_male_18_0_0_1_1_0.jpg,0,0,1,1,0
002620_black_female_26_0_1_1_1_0.jpg,0,1,1,1,0
002621_black_male_37_1_0_0_1_0.jpg,1,0,0,1,0
002622_Caucasian_male_19_0_1_1_1_1.jpg,0,1,1,1,1
002627_Indian_male_28_0_1_1_1_1.jpg,0,1,1,1,1
002632_Asian_male_25_1_1_1_1_0.jpg,1,1,1,1,0
002633_Indian_female_22_0_0_1_1_1.jpg,0,0,1,1,1
002638_Asian_male_25_0_1_1_1_0.jpg,0,1,1,1,0
002640_black_female_23_1_0_0_1_0.jpg,1,0,0,1,0
002642_black_female_33_0_0_1_1_0.jpg,0,0,1,1,0
002645_Indian_male_31_0_0_1_1_1.jpg,0,0,1,1,1
002647_black_female_38_0_0_1_1_0.jpg,0,0,1,1,0
002652_Asian_female_25_0_1_1_1_1.jpg,0,1,1,1,1
002653_Asian_female_23_1_0_1_1_1.jpg,1,0,1,1,1
002653_black_female_45_0_0_1_1_0.jpg,0,0,1,1,0
002654_Caucasian_male_18_1_1_1_1_0.jpg,1,1,1,1,0
002663_black_female_48_0_0_1_1_0.jpg,0,0,1,1,0
002665_Asian_female_23_1_1_1_1_0.jpg,1,1,1,1,0
002665_Indian_female_20_0_1_1_1_1.jpg,0,1,1,1,1
002679_Indian_male_48_1_0_1_1_0.jpg,1,0,1,1,0
002681_black_female_39_1_0_1_1_0.jpg,1,0,1,1,0
002688_Caucasian_female_18_0_1_1_1_1.jpg,0,1,1,1,1
002690_Indian_male_45_0_0_1_1_1.jpg,0,0,1,1,1
002694_black_female_44_0_0_1_1_0.jpg,0,0,1,1,0
002695_Indian_female_20_1_1_1_1_1.jpg,1,1,1,1,1
002696_black_female_40_0_0_1_1_0.jpg,0,0,1,1,0
002698_Caucasian_male_19_1_1_1_1_0.jpg,1,1,1,1,0
002699_Caucasian_male_18_0_1_1_1_1.jpg,0,1,1,1,1
002705_Asian_female_25_1_1_1_1_1.jpg,1,1,1,1,1
002708_Caucasian_male_24_1_1_1_1_0.jpg,1,1,1,1,0
002713_black_female_22_1_1_1_1_0.jpg,1,1,1,1,0
002717_Caucasian_male_22_1_0_0_1_1.jpg,1,0,0,1,1
002718_Indian_female_19_0_0_1_1_1.jpg,0,0,1,1,1
002720_Asian_female_23_1_0_1_1_1.jpg,1,0,1,1,1
002720_black_female_23_1_0_1_1_0.jpg,1,0,1,1,0
002725_Caucasian_male_23_0_0_1_1_1.jpg,0,0,1,1,1
002727_black_female_21_0_0_1_1_0.jpg,0,0,1,1,0
002729_Asian_female_25_0_0_1_1_1.jpg,0,0,1,1,1
002732_Caucasian_male_22_0_0_1_1_1.jpg,0,0,1,1,1
002733_Caucasian_male_26_1_0_1_1_1.jpg,1,0,1,1,1
002735_Caucasian_male_18_0_1_1_1_1.jpg,0,1,1,1,1
002741_Indian_female_34_0_0_1_1_1.jpg,0,0,1,1,1
002744_Asian_female_25_0_0_1_1_1.jpg,0,0,1,1,1
002750_Caucasian_male_25_1_1_1_1_0.jpg,1,1,1,1,0
002752_black_female_27_1_0_1_1_0.jpg,1,0,1,1,0
002753_Caucasian_male_27_0_1_1_1_1.jpg,0,1,1,1,1
002755_Caucasian_male_23_0_1_1_1_1.jpg,0,1,1,1,1
002767_Indian_male_22_1_0_1_1_1.jpg,1,0,1,1,1
002772_Indian_male_19_1_0_1_1_0.jpg,1,0,1,1,0
002779_black_female_21_1_1_0_1_0.jpg,1,1,0,1,0
002781_Asian_female_25_0_0_1_1_1.jpg,0,0,1,1,1
002782_Caucasian_male_18_0_1_0_1_1.jpg,0,1,0,1,1
002783_Indian_male_28_0_0_1_1_0.jpg,0,0,1,1,0
002786_Indian_male_19_1_0_1_1_1.jpg,1,0,1,1,1
002787_Indian_male_19_1_0_1_1_1.jpg,1,0,1,1,1
002789_black_female_29_0_0_0_1_0.jpg,0,0,0,1,0
002791_Caucasian_male_18_1_0_1_1_0.jpg,1,0,1,1,0
002801_black_female_28_1_0_1_1_0.jpg,1,0,1,1,0
002804_Indian_male_50_0_0_1_1_1.jpg,0,0,1,1,1
002838_Indian_female_40_1_0_1_1_1.jpg,1,0,1,1,1
002839_Indian_female_22_1_0_1_1_1.jpg,1,0,1,1,1
002840_Caucasian_female_18_1_0_1_1_0.jpg,1,0,1,1,0
002847_Caucasian_female_18_1_0_1_1_0.jpg,1,0,1,1,0
002855_black_female_31_0_0_1_1_0.jpg,0,0,1,1,0
002863_black_female_47_0_0_1_1_0.jpg,0,0,1,1,0
002871_Caucasian_female_20_1_0_1_1_1.jpg,1,0,1,1,1
002881_Indian_female_32_1_1_1_1_1.jpg,1,1,1,1,1
002888_Caucasian_female_18_0_0_0_1_1.jpg,0,0,0,1,1
002893_black_female_23_0_0_1_1_0.jpg,0,0,1,1,0
002898_Caucasian_female_18_0_1_1_1_0.jpg,0,1,1,1,0
002899_black_female_21_1_0_1_1_0.jpg,1,0,1,1,0
002902_Caucasian_female_18_0_0_1_1_1.jpg,0,0,1,1,1
002904_Caucasian_female_19_1_0_1_1_1.jpg,1,0,1,1,1
002908_black_female_53_0_0_1_1_0.jpg,0,0,1,1,0
002915_Caucasian_female_19_0_1_1_1_0.jpg,0,1,1,1,0
002916_black_female_56_0_0_1_1_0.jpg,0,0,1,1,0
002922_Caucasian_male_21_0_1_1_1_1.jpg,0,1,1,1,1
002937_Indian_female_35_0_0_1_1_1.jpg,0,0,1,1,1
002942_black_female_35_0_0_1_1_0.jpg,0,0,1,1,0
002949_Caucasian_female_18_1_0_1_1_1.jpg,1,0,1,1,1
002951_black_female_29_1_0_1_1_0.jpg,1,0,1,1,0
002952_black_female_30_1_0_1_1_0.jpg,1,0,1,1,0
002957_Caucasian_female_18_1_0_1_1_1.jpg,1,0,1,1,1
002959_black_female_21_1_0_1_1_0.jpg,1,0,1,1,0
002963_Caucasian_female_24_0_0_1_1_1.jpg,0,0,1,1,1
002970_Indian_male_24_1_0_1_1_1.jpg,1,0,1,1,1
002971_black_female_19_1_0_1_1_0.jpg,1,0,1,1,0
002977_Caucasian_female_18_1_0_1_1_0.jpg,1,0,1,1,0
002982_black_female_20_1_1_1_1_0.jpg,1,1,1,1,0
002993_Indian_female_45_0_0_1_1_1.jpg,0,0,1,1,1
003004_Indian_male_29_0_1_1_1_1.jpg,0,1,1,1,1
003006_Caucasian_female_19_1_0_1_1_1.jpg,1,0,1,1,1
003012_black_female_26_1_0_1_1_0.jpg,1,0,1,1,0
003012_Indian_male_38_0_0_1_1_0.jpg,0,0,1,1,0
003016_Caucasian_female_22_1_0_1_1_0.jpg,1,0,1,1,0
003017_Caucasian_female_18_0_1_1_1_0.jpg,0,1,1,1,0
003018_black_female_30_1_1_1_1_0.jpg,1,1,1,1,0
003024_black_female_28_0_0_1_1_0.jpg,0,0,1,1,0
003028_Caucasian_male_22_0_0_1_1_1.jpg,0,0,1,1,1
003031_Caucasian_female_24_0_1_0_1_0.jpg,0,1,0,1,0
003043_Indian_female_30_1_0_1_1_1.jpg,1,0,1,1,1
003048_Indian_female_35_0_1_1_1_1.jpg,0,1,1,1,1
003060_Indian_female_19_0_1_1_1_1.jpg,0,1,1,1,1
003071_Caucasian_female_18_1_0_1_1_1.jpg,1,0,1,1,1
003071_Indian_male_31_1_1_0_1_1.jpg,1,1,0,1,1
003092_Caucasian_male_40_0_0_1_1_0.jpg,0,0,1,1,0
003095_black_female_40_0_0_1_1_0.jpg,0,0,1,1,0
003099_black_female_75_0_0_1_1_0.jpg,0,0,1,1,0
003101_black_female_46_0_1_1_1_0.jpg,0,1,1,1,0
003103_black_female_68_0_0_1_1_0.jpg,0,0,1,1,0
003107_Caucasian_male_25_1_0_1_1_1.jpg,1,0,1,1,1
003124_Caucasian_female_27_0_1_1_1_1.jpg,0,1,1,1,1
003133_Indian_female_23_0_1_1_1_1.jpg,0,1,1,1,1
003136_black_female_40_0_0_0_1_0.jpg,0,0,0,1,0
003136_Indian_male_23_1_1_1_1_1.jpg,1,1,1,1,1
003170_Caucasian_female_18_0_0_1_1_1.jpg,0,0,1,1,1
003189_Indian_male_20_0_1_1_1_0.jpg,0,1,1,1,0
003200_black_female_60_0_0_1_1_0.jpg,0,0,1,1,0
003211_black_female_45_0_0_0_1_0.jpg,0,0,0,1,0
003222_Caucasian_male_23_0_1_1_1_1.jpg,0,1,1,1,1
003231_Indian_male_45_0_0_1_1_0.jpg,0,0,1,1,0
003232_Caucasian_female_46_0_1_1_1_0.jpg,0,1,1,1,0
003232_Indian_male_50_0_0_1_1_0.jpg,0,0,1,1,0
003235_black_female_32_0_0_1_1_0.jpg,0,0,1,1,0
003240_black_female_26_0_0_1_1_0.jpg,0,0,1,1,0
003242_black_female_33_1_0_1_1_0.jpg,1,0,1,1,0
003242_Indian_male_21_1_0_1_1_1.jpg,1,0,1,1,1
003248_black_female_25_1_0_1_1_0.jpg,1,0,1,1,0
003250_Indian_male_25_0_1_1_1_1.jpg,0,1,1,1,1
003256_black_female_30_0_0_1_1_0.jpg,0,0,1,1,0
003263_Indian_female_40_0_0_1_1_1.jpg,0,0,1,1,1
003264_black_female_37_1_0_0_1_0.jpg,1,0,0,1,0
003266_Caucasian_female_31_0_0_1_1_0.jpg,0,0,1,1,0
003267_Indian_male_46_0_1_1_1_1.jpg,0,1,1,1,1
003271_Caucasian_male_19_0_1_1_1_0.jpg,0,1,1,1,0
003277_black_female_41_1_0_1_1_0.jpg,1,0,1,1,0
003297_Caucasian_female_33_0_0_1_1_1.jpg,0,0,1,1,1
003300_Caucasian_male_47_1_0_1_1_0.jpg,1,0,1,1,0
003302_Indian_male_29_0_1_1_1_1.jpg,0,1,1,1,1
003303_Indian_female_50_0_0_1_1_0.jpg,0,0,1,1,0
003319_Caucasian_male_18_0_1_1_1_1.jpg,0,1,1,1,1
003322_Caucasian_female_18_0_0_1_1_1.jpg,0,0,1,1,1
003326_black_female_40_0_0_1_1_0.jpg,0,0,1,1,0
003330_Indian_female_42_0_0_1_1_1.jpg,0,0,1,1,1
003336_Indian_male_30_0_1_1_1_1.jpg,0,1,1,1,1
003345_black_female_38_0_0_0_1_0.jpg,0,0,0,1,0
003362_Caucasian_male_57_0_0_1_1_0.jpg,0,0,1,1,0
003367_black_female_18_1_0_1_1_0.jpg,1,0,1,1,0
003371_black_female_20_0_1_1_1_0.jpg,0,1,1,1,0
003374_Indian_female_50_0_0_1_1_0.jpg,0,0,1,1,0
003376_Caucasian_female_18_0_0_1_1_1.jpg,0,0,1,1,1
003379_Caucasian_female_25_0_0_1_1_0.jpg,0,0,1,1,0
003383_Caucasian_male_23_0_1_1_1_1.jpg,0,1,1,1,1
003405_black_female_18_1_0_1_1_0.jpg,1,0,1,1,0
003412_black_female_19_0_0_1_1_0.jpg,0,0,1,1,0
003414_Caucasian_male_18_1_1_1_1_0.jpg,1,1,1,1,0
003425_Indian_female_20_1_1_1_1_1.jpg,1,1,1,1,1
003430_black_female_18_1_1_1_1_0.jpg,1,1,1,1,0
003434_Indian_female_20_1_0_1_1_1.jpg,1,0,1,1,1
003442_Caucasian_female_18_1_0_1_1_1.jpg,1,0,1,1,1
003445_black_female_18_1_0_1_1_0.jpg,1,0,1,1,0
003446_Caucasian_male_18_1_0_1_1_0.jpg,1,0,1,1,0
003448_Indian_female_20_0_0_1_1_0.jpg,0,0,1,1,0
003457_Indian_female_18_0_0_1_1_1.jpg,0,0,1,1,1
003461_Indian_male_18_1_1_1_1_1.jpg,1,1,1,1,1
003474_black_female_18_1_0_1_1_0.jpg,1,0,1,1,0
003485_Indian_female_23_1_0_1_1_0.jpg,1,0,1,1,0
003511_black_female_20_1_0_1_1_0.jpg,1,0,1,1,0
003520_Indian_female_19_1_1_1_1_1.jpg,1,1,1,1,1
003521_black_female_35_1_0_1_1_0.jpg,1,0,1,1,0
003523_black_female_34_0_0_1_1_0.jpg,0,0,1,1,0
003524_black_female_40_1_0_1_1_0.jpg,1,0,1,1,0
003547_Indian_male_32_0_1_1_1_1.jpg,0,1,1,1,1
003551_black_female_20_1_0_1_1_0.jpg,1,0,1,1,0
003552_black_female_45_0_0_1_1_0.jpg,0,0,1,1,0
003571_Indian_male_22_1_0_1_1_1.jpg,1,0,1,1,1
003582_Indian_male_20_1_0_1_1_1.jpg,1,0,1,1,1
003583_Indian_female_18_1_1_1_1_1.jpg,1,1,1,1,1
003593_Indian_male_20_1_1_1_1_1.jpg,1,1,1,1,1
003596_Indian_male_20_1_1_1_1_1.jpg,1,1,1,1,1
003610_black_female_37_0_0_1_1_0.jpg,0,0,1,1,0
003632_black_female_18_1_0_1_1_0.jpg,1,0,1,1,0
003641_black_female_18_1_1_1_1_0.jpg,1,1,1,1,0
003641_Indian_female_46_0_0_1_1_1.jpg,0,0,1,1,1
003655_Indian_female_20_1_0_1_1_1.jpg,1,0,1,1,1
003656_black_female_18_1_0_0_1_0.jpg,1,0,0,1,0
003679_black_female_18_1_0_1_1_0.jpg,1,0,1,1,0
003682_black_female_18_1_0_1_1_0.jpg,1,0,1,1,0
003694_black_female_20_1_0_1_1_0.jpg,1,0,1,1,0
003697_black_female_18_1_0_0_0_0.jpg,1,0,0,0,0
003700_Indian_male_30_1_1_1_1_0.jpg,1,1,1,1,0
003706_Indian_female_50_0_0_1_1_0.jpg,0,0,1,1,0
003709_black_female_20_0_0_1_1_0.jpg,0,0,1,1,0
003711_black_female_20_1_0_1_1_0.jpg,1,0,1,1,0
003714_Indian_male_19_0_0_1_1_0.jpg,0,0,1,1,0
003716_Indian_female_50_1_0_1_1_1.jpg,1,0,1,1,1
003717_black_female_18_1_1_0_1_0.jpg,1,1,0,1,0
003718_Indian_male_19_0_1_1_1_1.jpg,0,1,1,1,1
003729_Indian_female_35_1_0_1_1_1.jpg,1,0,1,1,1
003739_Indian_female_19_1_0_1_1_1.jpg,1,0,1,1,1
003748_black_male_18_1_0_0_1_0.jpg,1,0,0,1,0
003749_black_male_21_1_0_1_1_0.jpg,1,0,1,1,0
003751_black_male_30_1_1_0_1_0.jpg,1,1,0,1,0
003761_Indian_female_19_0_1_1_1_1.jpg,0,1,1,1,1
003770_black_male_22_1_0_1_1_0.jpg,1,0,1,1,0
003771_black_male_23_1_1_1_1_0.jpg,1,1,1,1,0
003782_black_male_69_0_0_1_1_0.jpg,0,0,1,1,0
003792_Indian_female_35_0_0_1_1_1.jpg,0,0,1,1,1
003818_black_male_35_0_0_1_1_0.jpg,0,0,1,1,0
003819_black_male_40_1_0_1_1_0.jpg,1,0,1,1,0
003831_black_male_31_0_0_1_1_0.jpg,0,0,1,1,0
003835_Indian_female_22_0_0_1_1_0.jpg,0,0,1,1,0
003837_black_male_37_0_0_1_1_0.jpg,0,0,1,1,0
003838_black_male_33_0_0_1_1_0.jpg,0,0,1,1,0
003850_Indian_female_50_0_0_1_1_1.jpg,0,0,1,1,1
003853_Indian_female_50_0_0_1_1_1.jpg,0,0,1,1,1
003861_black_male_34_0_0_1_1_0.jpg,0,0,1,1,0
003868_black_male_68_0_0_1_1_0.jpg,0,0,1,1,0
003886_black_male_20_1_1_1_1_0.jpg,1,1,1,1,0
003888_black_male_45_1_0_1_1_0.jpg,1,0,1,1,0
003901_Indian_male_36_0_0_1_1_0.jpg,0,0,1,1,0
003903_Indian_male_38_0_0_1_1_0.jpg,0,0,1,1,0
003906_black_male_43_0_0_1_1_0.jpg,0,0,1,1,0
003916_black_male_44_1_0_1_1_0.jpg,1,0,1,1,0
003922_Indian_female_38_1_1_1_1_1.jpg,1,1,1,1,1
003931_Indian_female_40_0_0_1_1_1.jpg,0,0,1,1,1
003939_Indian_female_36_0_0_1_1_0.jpg,0,0,1,1,0
003942_black_male_24_0_0_0_1_0.jpg,0,0,0,1,0
003950_Indian_female_33_0_0_1_1_0.jpg,0,0,1,1,0
003953_Indian_female_33_0_1_1_1_0.jpg,0,1,1,1,0
003960_Indian_female_18_1_1_1_1_1.jpg,1,1,1,1,1
003998_black_male_19_1_0_1_1_0.jpg,1,0,1,1,0
004001_Indian_male_28_0_1_1_1_0.jpg,0,1,1,1,0
004002_black_male_19_1_0_1_1_0.jpg,1,0,1,1,0
004003_Indian_female_34_1_0_1_1_0.jpg,1,0,1,1,0
004005_black_male_19_0_0_1_1_0.jpg,0,0,1,1,0
004006_Indian_female_45_0_0_1_1_1.jpg,0,0,1,1,1
004007_black_male_20_1_0_1_1_0.jpg,1,0,1,1,0
004011_Indian_female_37_0_0_1_1_0.jpg,0,0,1,1,0
004026_Indian_female_28_1_1_1_1_1.jpg,1,1,1,1,1
004038_black_male_18_0_0_0_1_0.jpg,0,0,0,1,0
004059_black_male_18_0_0_1_1_0.jpg,0,0,1,1,0
004082_black_male_40_0_0_0_1_0.jpg,0,0,0,1,0
004082_Indian_male_45_0_0_1_1_0.jpg,0,0,1,1,0
004086_black_male_70_0_0_1_1_0.jpg,0,0,1,1,0
004093_Indian_female_22_0_0_0_1_0.jpg,0,0,0,1,0
004107_black_male_23_0_0_1_1_0.jpg,0,0,1,1,0
004110_black_male_40_0_0_1_1_0.jpg,0,0,1,1,0
004133_Indian_female_22_1_1_1_1_1.jpg,1,1,1,1,1
004142_black_male_22_1_0_1_1_0.jpg,1,0,1,1,0
004145_black_male_19_1_0_1_1_0.jpg,1,0,1,1,0
004160_Indian_female_27_1_0_1_1_1.jpg,1,0,1,1,1
004168_black_male_18_1_0_1_1_0.jpg,1,0,1,1,0
004170_black_male_20_1_0_1_1_0.jpg,1,0,1,1,0
004176_Indian_female_26_0_0_1_1_1.jpg,0,0,1,1,1
004177_black_male_21_0_0_1_1_0.jpg,0,0,1,1,0
004183_black_male_19_0_0_1_1_0.jpg,0,0,1,1,0
004184_Indian_male_22_1_1_1_1_1.jpg,1,1,1,1,1
004188_black_male_21_1_0_0_1_0.jpg,1,0,0,1,0
004191_black_male_20_1_0_1_1_0.jpg,1,0,1,1,0
004196_Indian_female_30_0_0_1_1_1.jpg,0,0,1,1,1
004217_black_female_18_1_0_0_1_0.jpg,1,0,0,1,0
004220_Indian_female_36_0_1_1_1_0.jpg,0,1,1,1,0
004222_Indian_female_20_1_0_1_1_0.jpg,1,0,1,1,0
004233_black_female_18_1_0_1_1_0.jpg,1,0,1,1,0
004240_Indian_female_32_1_0_1_1_1.jpg,1,0,1,1,1
004242_black_female_18_1_0_1_1_0.jpg,1,0,1,1,0
004251_black_female_18_1_0_1_0_0.jpg,1,0,1,0,0
004251_Indian_male_25_1_0_1_1_1.jpg,1,0,1,1,1
004253_black_female_18_1_1_1_1_0.jpg,1,1,1,1,0
004267_black_female_18_0_0_1_1_0.jpg,0,0,1,1,0
004268_Indian_male_48_0_0_1_1_1.jpg,0,0,1,1,1
004269_black_female_19_1_0_1_1_0.jpg,1,0,1,1,0
004281_Indian_female_26_0_0_1_1_1.jpg,0,0,1,1,1
004306_black_male_18_1_0_1_1_0.jpg,1,0,1,1,0
004307_Indian_male_19_1_0_1_1_0.jpg,1,0,1,1,0
004315_Indian_female_18_0_0_1_1_1.jpg,0,0,1,1,1
004316_black_male_19_1_0_1_1_0.jpg,1,0,1,1,0
004323_Indian_female_40_1_0_1_1_1.jpg,1,0,1,1,1
004336_Indian_female_35_0_0_1_1_1.jpg,0,0,1,1,1
004344_Indian_female_50_0_0_1_1_1.jpg,0,0,1,1,1
004348_black_male_18_1_1_1_1_0.jpg,1,1,1,1,0
004356_black_male_19_1_0_1_1_0.jpg,1,0,1,1,0
004356_Indian_female_45_0_0_1_1_1.jpg,0,0,1,1,1
004358_Indian_male_42_0_0_1_1_1.jpg,0,0,1,1,1
004377_Indian_male_45_0_1_1_1_1.jpg,0,1,1,1,1
004379_Indian_female_18_0_1_1_1_1.jpg,0,1,1,1,1
004386_Indian_male_21_0_1_1_1_1.jpg,0,1,1,1,1
004409_black_male_19_1_0_1_1_0.jpg,1,0,1,1,0
004412_Indian_male_21_0_0_1_1_1.jpg,0,0,1,1,1
004414_Indian_male_48_0_0_1_1_1.jpg,0,0,1,1,1
004428_black_male_18_1_0_1_1_0.jpg,1,0,1,1,0
004429_black_male_18_1_0_1_1_0.jpg,1,0,1,1,0
004436_black_male_18_1_0_1_1_0.jpg,1,0,1,1,0
004441_black_male_18_1_0_1_1_0.jpg,1,0,1,1,0
004448_black_male_20_1_1_1_1_0.jpg,1,1,1,1,0
004459_black_male_18_1_0_0_1_0.jpg,1,0,0,1,0
004460_black_male_18_1_1_1_1_0.jpg,1,1,1,1,0
004472_black_male_18_0_0_0_1_0.jpg,0,0,0,1,0
004475_Indian_male_19_0_1_1_1_1.jpg,0,1,1,1,1
004486_black_male_20_1_0_0_1_0.jpg,1,0,0,1,0
004492_Indian_male_38_0_0_1_1_0.jpg,0,0,1,1,0
004495_Indian_female_38_0_1_1_1_0.jpg,0,1,1,1,0
004504_black_male_21_1_1_1_1_0.jpg,1,1,1,1,0
004516_Indian_male_29_1_0_1_1_1.jpg,1,0,1,1,1
004525_Indian_male_37_0_0_1_1_0.jpg,0,0,1,1,0
004542_Indian_male_20_1_1_1_1_1.jpg,1,1,1,1,1
004550_black_male_19_1_0_1_1_0.jpg,1,0,1,1,0
004575_Indian_male_24_0_1_1_1_1.jpg,0,1,1,1,1
004596_Indian_male_24_0_0_1_1_0.jpg,0,0,1,1,0
004616_black_male_19_0_0_1_1_0.jpg,0,0,1,1,0
004633_black_male_18_0_0_0_1_0.jpg,0,0,0,1,0
004637_Indian_female_23_0_0_1_1_1.jpg,0,0,1,1,1
004650_black_male_18_1_0_1_1_0.jpg,1,0,1,1,0
004655_Indian_male_18_1_1_1_1_0.jpg,1,1,1,1,0
004664_black_male_18_1_0_0_1_0.jpg,1,0,0,1,0
004666_black_male_18_0_0_0_1_0.jpg,0,0,0,1,0
004666_Indian_female_40_0_1_1_1_0.jpg,0,1,1,1,0
004677_black_female_19_0_0_0_1_0.jpg,0,0,0,1,0
004679_Indian_female_35_0_0_1_1_0.jpg,0,0,1,1,0
004693_Indian_female_27_0_0_1_1_1.jpg,0,0,1,1,1
004700_black_female_18_0_0_1_1_0.jpg,0,0,1,1,0
004700_Indian_female_26_0_0_1_1_1.jpg,0,0,1,1,1
004702_Indian_male_32_1_0_1_1_0.jpg,1,0,1,1,0
004703_Indian_male_26_0_1_1_1_0.jpg,0,1,1,1,0
004711_Indian_female_26_0_0_1_1_1.jpg,0,0,1,1,1
004739_black_female_18_1_1_1_1_0.jpg,1,1,1,1,0
004747_Indian_male_22_1_1_1_1_0.jpg,1,1,1,1,0
004748_Indian_male_19_0_0_1_1_1.jpg,0,0,1,1,1
004757_Indian_female_18_1_1_1_1_1.jpg,1,1,1,1,1
004760_black_female_18_1_1_1_1_0.jpg,1,1,1,1,0
004761_black_female_18_1_1_1_1_0.jpg,1,1,1,1,0
004761_Indian_male_22_1_1_1_1_1.jpg,1,1,1,1,1
004768_Indian_female_18_0_0_1_1_1.jpg,0,0,1,1,1
004769_Indian_male_21_1_0_1_1_1.jpg,1,0,1,1,1
004778_black_female_18_1_0_1_1_0.jpg,1,0,1,1,0
004796_black_female_18_1_0_0_1_0.jpg,1,0,0,1,0
004822_black_female_18_1_0_1_1_0.jpg,1,0,1,1,0
004841_black_female_18_1_0_1_1_0.jpg,1,0,1,1,0
004845_Indian_male_34_0_1_1_1_1.jpg,0,1,1,1,1
004870_Indian_female_34_0_0_1_1_1.jpg,0,0,1,1,1
004876_Indian_female_25_1_0_1_1_1.jpg,1,0,1,1,1
004881_Indian_female_30_0_0_1_1_1.jpg,0,0,1,1,1
004882_black_female_19_1_0_1_1_0.jpg,1,0,1,1,0
004882_Indian_female_26_0_0_1_1_1.jpg,0,0,1,1,1
004887_black_female_19_1_0_1_1_0.jpg,1,0,1,1,0
004888_Indian_female_37_1_0_1_1_1.jpg,1,0,1,1,1
004895_black_female_18_0_0_1_1_0.jpg,0,0,1,1,0
004904_black_female_18_1_0_1_1_0.jpg,1,0,1,1,0
004904_Indian_male_25_1_1_1_1_1.jpg,1,1,1,1,1
004919_black_female_18_1_0_1_1_0.jpg,1,0,1,1,0
004924_black_female_18_0_0_0_1_0.jpg,0,0,0,1,0
004928_Indian_male_18_0_0_1_1_0.jpg,0,0,1,1,0
004933_black_female_18_1_0_1_1_0.jpg,1,0,1,1,0
004942_black_female_18_1_0_0_1_0.jpg,1,0,0,1,0
004959_black_female_19_1_0_0_1_0.jpg,1,0,0,1,0
004970_black_female_18_1_0_1_1_0.jpg,1,0,1,1,0
004974_black_female_18_1_0_1_1_0.jpg,1,0,1,1,0
005060_black_male_18_1_1_1_1_0.jpg,1,1,1,1,0
005064_black_male_18_1_0_1_0_0.jpg,1,0,1,0,0
005099_black_male_18_1_0_1_1_0.jpg,1,0,1,1,0
005120_black_female_18_1_0_1_1_0.jpg,1,0,1,1,0
005128_black_female_18_1_0_0_1_0.jpg,1,0,0,1,0
005180_black_female_18_1_1_0_1_0.jpg,1,1,0,1,0
005189_black_female_19_1_1_1_1_0.jpg,1,1,1,1,0
005191_black_female_18_0_0_0_1_0.jpg,0,0,0,1,0
005265_black_female_21_0_0_1_1_0.jpg,0,0,1,1,0
005278_black_male_19_0_0_1_0_0.jpg,0,0,1,0,0
005304_black_female_18_1_0_1_1_0.jpg,1,0,1,1,0
005305_black_female_18_0_1_1_1_0.jpg,0,1,1,1,0
005311_black_female_18_1_1_1_1_0.jpg,1,1,1,1,0
005342_black_female_18_1_0_0_1_0.jpg,1,0,0,1,0
005382_black_male_20_1_1_0_1_0.jpg,1,1,0,1,0
005409_black_female_18_0_1_1_1_0.jpg,0,1,1,1,0
005415_black_female_18_0_0_1_1_0.jpg,0,0,1,1,0
005434_black_female_18_0_0_1_1_0.jpg,0,0,1,1,0
005448_black_female_18_1_0_0_1_0.jpg,1,0,0,1,0
005461_black_female_18_1_0_1_1_0.jpg,1,0,1,1,0
005468_black_male_18_1_0_1_1_0.jpg,1,0,1,1,0
005481_black_male_18_0_0_1_1_0.jpg,0,0,1,1,0
005483_black_male_18_0_1_1_1_0.jpg,0,1,1,1,0
005505_black_male_18_1_0_1_1_0.jpg,1,0,1,1,0
005543_black_female_18_1_0_1_1_0.jpg,1,0,1,1,0
005556_black_female_18_1_0_1_1_0.jpg,1,0,1,1,0
005570_black_female_18_0_0_1_1_0.jpg,0,0,1,1,0
005577_black_female_18_1_0_1_1_0.jpg,1,0,1,1,0
005588_black_male_18_0_1_1_1_0.jpg,0,1,1,1,0
005592_black_male_18_1_0_1_1_0.jpg,1,0,1,1,0
005599_black_male_18_1_0_1_1_0.jpg,1,0,1,1,0
005653_black_male_18_0_0_0_1_0.jpg,0,0,0,1,0
005672_black_male_18_0_0_1_1_0.jpg,0,0,1,1,0
005702_black_female_19_0_0_1_1_0.jpg,0,0,1,1,0
005719_black_female_18_1_0_1_1_0.jpg,1,0,1,1,0
005730_black_female_18_1_0_0_1_0.jpg,1,0,0,1,0
005739_black_female_18_0_1_1_1_0.jpg,0,1,1,1,0
005740_black_female_18_1_0_1_1_0.jpg,1,0,1,1,0
005741_black_female_18_1_0_1_1_0.jpg,1,0,1,1,0
005748_black_female_18_1_0_1_1_0.jpg,1,0,1,1,0
005762_black_female_18_0_0_1_1_0.jpg,0,0,1,1,0
005765_black_female_18_1_0_1_1_0.jpg,1,0,1,1,0
005773_black_female_18_1_0_1_1_0.jpg,1,0,1,1,0
005780_black_female_18_0_0_1_1_0.jpg,0,0,1,1,0
005802_black_male_20_0_0_1_1_0.jpg,0,0,1,1,0
005803_black_male_19_1_0_1_1_0.jpg,1,0,1,1,0
005815_black_male_19_0_0_1_1_0.jpg,0,0,1,1,0
005824_black_female_18_0_1_1_1_0.jpg,0,1,1,1,0
005854_black_female_19_1_0_1_1_0.jpg,1,0,1,1,0
005855_black_female_18_1_0_0_1_0.jpg,1,0,0,1,0
005865_black_female_19_1_0_1_1_0.jpg,1,0,1,1,0
005876_black_female_18_0_0_1_1_0.jpg,0,0,1,1,0
005904_black_female_18_1_0_1_1_0.jpg,1,0,1,1,0
005909_black_female_18_1_0_1_1_0.jpg,1,0,1,1,0
005925_black_female_18_0_0_0_1_0.jpg,0,0,0,1,0
005949_black_female_18_0_0_1_1_0.jpg,0,0,1,1,0
005959_black_female_18_1_0_1_1_0.jpg,1,0,1,1,0
005965_black_female_18_0_0_1_1_0.jpg,0,0,1,1,0
005966_black_female_18_0_0_1_1_0.jpg,0,0,1,1,0
005998_black_female_18_0_0_0_1_0.jpg,0,0,0,1,0
006028_black_male_18_1_0_0_1_0.jpg,1,0,0,1,0
006031_black_male_21_1_0_1_1_0.jpg,1,0,1,1,0
006038_black_male_18_1_0_1_1_0.jpg,1,0,1,1,0
006045_black_male_18_0_1_1_1_0.jpg,0,1,1,1,0
006050_black_male_18_1_0_1_1_0.jpg,1,0,1,1,0
006063_black_male_18_0_0_1_1_0.jpg,0,0,1,1,0
006115_black_male_18_1_0_0_1_0.jpg,1,0,0,1,0
006126_black_male_18_1_1_1_1_0.jpg,1,1,1,1,0
006132_black_male_18_0_1_1_1_0.jpg,0,1,1,1,0
006141_black_male_18_1_0_1_1_0.jpg,1,0,1,1,0
006165_black_female_18_0_0_1_1_0.jpg,0,0,1,1,0
006177_black_female_18_1_0_1_1_0.jpg,1,0,1,1,0
006212_black_female_18_1_0_1_1_0.jpg,1,0,1,1,0
006214_black_female_18_0_0_1_1_0.jpg,0,0,1,1,0
006224_black_female_18_0_0_0_1_0.jpg,0,0,0,1,0
006231_black_female_18_0_0_1_1_0.jpg,0,0,1,1,0
006242_black_female_18_1_0_1_1_0.jpg,1,0,1,1,0
006249_black_female_18_1_0_0_1_0.jpg,1,0,0,1,0
006250_black_female_18_1_0_1_1_0.jpg,1,0,1,1,0
006257_black_female_18_1_0_0_1_0.jpg,1,0,0,1,0
006265_black_female_18_0_0_0_1_0.jpg,0,0,0,1,0
006286_black_male_19_0_0_1_1_0.jpg,0,0,1,1,0
006298_black_female_18_0_0_1_1_0.jpg,0,0,1,1,0
006305_black_female_18_0_0_1_1_0.jpg,0,0,1,1,0
006309_black_female_18_1_0_0_1_0.jpg,1,0,0,1,0
100007_Indian_male_31_0_0_1_1_0.jpg,0,0,1,1,0
100011_Indian_male_19_0_1_1_1_0.jpg,0,1,1,1,0
100017_Indian_male_44_0_0_0_1_1.jpg,0,0,0,1,1
100019_Caucasian_male_56_0_0_1_1_0.jpg,0,0,1,1,0
100025_Caucasian_female_22_0_0_1_1_0.jpg,0,0,1,1,0
100025_Indian_male_24_0_0_1_1_1.jpg,0,0,1,1,1
100026_black_male_26_1_0_1_1_0.jpg,1,0,1,1,0
100027_Caucasian_male_31_0_0_1_1_0.jpg,0,0,1,1,0
100041_Caucasian_female_50_0_0_1_1_0.jpg,0,0,1,1,0
100043_Indian_male_25_0_0_1_1_1.jpg,0,0,1,1,1
100046_Caucasian_female_42_0_0_1_1_0.jpg,0,0,1,1,0
100049_Caucasian_female_53_0_0_1_1_0.jpg,0,0,1,1,0
100057_Indian_male_29_0_1_1_1_1.jpg,0,1,1,1,1
100061_Indian_male_19_0_0_1_1_1.jpg,0,0,1,1,1
100065_black_male_34_1_0_1_1_0.jpg,1,0,1,1,0
100070_Caucasian_male_19_1_0_1_1_1.jpg,1,0,1,1,1
100071_black_female_20_1_0_1_1_0.jpg,1,0,1,1,0
100075_Indian_male_25_0_0_0_1_0.jpg,0,0,0,1,0
100078_black_male_19_0_0_1_1_0.jpg,0,0,1,1,0
100086_Caucasian_female_40_0_0_1_1_0.jpg,0,0,1,1,0
100092_black_male_22_0_0_1_1_0.jpg,0,0,1,1,0
100092_Indian_male_18_1_0_1_1_1.jpg,1,0,1,1,1
100095_black_male_19_0_0_1_1_0.jpg,0,0,1,1,0
100097_Indian_female_19_0_0_1_1_1.jpg,0,0,1,1,1
100106_Indian_male_18_1_0_1_1_0.jpg,1,0,1,1,0
100107_black_male_23_0_0_0_1_0.jpg,0,0,0,1,0
100110_Caucasian_male_21_1_1_1_1_1.jpg,1,1,1,1,1
100118_black_male_21_0_0_1_1_0.jpg,0,0,1,1,0
100131_Caucasian_male_29_1_0_1_1_1.jpg,1,0,1,1,1
100131_Indian_female_33_1_1_1_1_1.jpg,1,1,1,1,1
100147_black_male_21_1_1_1_1_0.jpg,1,1,1,1,0
100157_Indian_male_24_0_0_1_1_1.jpg,0,0,1,1,1
100161_black_male_38_0_0_1_1_0.jpg,0,0,1,1,0
100162_Caucasian_male_21_0_0_1_1_0.jpg,0,0,1,1,0
100165_black_female_22_1_0_1_1_0.jpg,1,0,1,1,0
100169_black_male_26_1_0_1_1_0.jpg,1,0,1,1,0
100171_Caucasian_male_21_1_0_1_0_0.jpg,1,0,1,0,0
100174_Caucasian_male_23_1_0_1_1_0.jpg,1,0,1,1,0
100181_Indian_male_17_0_0_1_1_1.jpg,0,0,1,1,1
100197_Caucasian_female_38_0_0_1_1_1.jpg,0,0,1,1,1
100205_black_male_22_1_1_1_1_0.jpg,1,1,1,1,0
100207_Caucasian_female_22_1_0_1_1_1.jpg,1,0,1,1,1
100208_black_male_22_0_0_1_1_0.jpg,0,0,1,1,0
100215_Caucasian_male_19_0_0_1_1_0.jpg,0,0,1,1,0
100224_black_male_22_1_0_1_1_0.jpg,1,0,1,1,0
100225_Indian_male_19_0_0_0_1_1.jpg,0,0,0,1,1
100230_Caucasian_female_23_0_0_1_1_0.jpg,0,0,1,1,0
100244_Caucasian_female_22_0_0_1_0_0.jpg,0,0,1,0,0
100248_Indian_male_18_1_0_1_1_1.jpg,1,0,1,1,1
100250_black_female_31_0_0_1_1_0.jpg,0,0,1,1,0
100250_Indian_male_19_0_0_1_1_1.jpg,0,0,1,1,1
100256_black_female_25_0_0_1_1_0.jpg,0,0,1,1,0
100259_Caucasian_female_27_0_1_1_1_1.jpg,0,1,1,1,1
100261_Caucasian_female_23_0_0_1_1_1.jpg,0,0,1,1,1
100262_Caucasian_male_25_0_0_1_1_0.jpg,0,0,1,1,0
100265_Indian_male_21_0_0_1_1_0.jpg,0,0,1,1,0
100267_black_female_27_1_0_1_1_0.jpg,1,0,1,1,0
100268_Caucasian_female_19_1_0_1_1_1.jpg,1,0,1,1,1
100285_black_male_26_0_0_0_1_0.jpg,0,0,0,1,0
100286_black_male_40_0_0_1_1_0.jpg,0,0,1,1,0
100287_Indian_male_23_0_0_1_1_0.jpg,0,0,1,1,0
100288_black_female_30_1_0_1_1_0.jpg,1,0,1,1,0
100299_black_female_22_1_0_0_1_0.jpg,1,0,0,1,0
100302_Caucasian_female_18_1_0_1_0_0.jpg,1,0,1,0,0
100310_Indian_female_21_0_0_1_1_1.jpg,0,0,1,1,1
100311_black_male_24_1_0_1_1_0.jpg,1,0,1,1,0
100311_Indian_male_20_1_0_1_1_1.jpg,1,0,1,1,1
100320_Indian_male_24_0_0_1_1_0.jpg,0,0,1,1,0
100333_black_male_22_1_0_1_1_0.jpg,1,0,1,1,0
100339_Indian_male_23_1_0_1_1_0.jpg,1,0,1,1,0
100343_black_female_23_1_0_1_1_0.jpg,1,0,1,1,0
100347_Indian_male_24_0_0_1_1_1.jpg,0,0,1,1,1
100352_Indian_male_25_0_0_1_1_1.jpg,0,0,1,1,1
100355_black_female_22_1_0_1_1_0.jpg,1,0,1,1,0
100365_black_male_27_1_0_1_1_0.jpg,1,0,1,1,0
100368_Caucasian_male_53_1_0_1_1_0.jpg,1,0,1,1,0
100373_Indian_male_24_0_0_1_1_1.jpg,0,0,1,1,1
100376_black_male_26_1_0_1_1_0.jpg,1,0,1,1,0
100390_Caucasian_female_28_1_0_1_1_0.jpg,1,0,1,1,0
100396_black_female_23_0_0_1_1_0.jpg,0,0,1,1,0
100401_black_female_31_1_0_1_1_0.jpg,1,0,1,1,0
100404_black_female_28_1_0_1_1_0.jpg,1,0,1,1,0
100408_black_male_35_0_0_1_1_0.jpg,0,0,1,1,0
100411_black_male_21_1_0_1_1_0.jpg,1,0,1,1,0
100419_Caucasian_female_28_0_1_1_1_1.jpg,0,1,1,1,1
100419_Indian_male_23_0_0_1_1_0.jpg,0,0,1,1,0
100435_black_male_64_0_0_0_1_0.jpg,0,0,0,1,0
100440_black_male_24_1_0_1_1_0.jpg,1,0,1,1,0
100442_black_male_17_1_0_0_1_0.jpg,1,0,0,1,0
100444_black_male_18_1_0_0_1_0.jpg,1,0,0,1,0
100449_Indian_male_21_0_1_1_1_0.jpg,0,1,1,1,0
100456_black_male_32_0_1_1_1_0.jpg,0,1,1,1,0
100463_Indian_male_27_0_0_1_1_1.jpg,0,0,1,1,1
100470_black_female_18_0_1_1_1_0.jpg,0,1,1,1,0
100470_Indian_male_26_0_0_1_1_1.jpg,0,0,1,1,1
100482_black_male_19_1_0_1_1_0.jpg,1,0,1,1,0
100501_Indian_male_18_1_1_1_1_1.jpg,1,1,1,1,1
100502_black_female_18_1_0_1_1_0.jpg,1,0,1,1,0
100516_Indian_male_42_0_0_1_1_0.jpg,0,0,1,1,0
100517_Indian_male_38_0_0_1_1_1.jpg,0,0,1,1,1
100520_black_male_21_1_0_1_1_0.jpg,1,0,1,1,0
100522_black_female_21_0_0_1_1_0.jpg,0,0,1,1,0
100526_black_female_22_1_0_1_1_0.jpg,1,0,1,1,0
100529_brown_female_41_0_0_1_1_0.jpg,0,0,1,1,0
100538_Indian_male_34_0_0_1_1_0.jpg,0,0,1,1,0
100546_Indian_male_20_1_0_1_1_1.jpg,1,0,1,1,1
100547_Indian_male_20_0_0_1_1_1.jpg,0,0,1,1,1
100554_Indian_male_29_0_1_1_1_1.jpg,0,1,1,1,1
100557_Indian_male_31_0_0_1_1_1.jpg,0,0,1,1,1
100566_Indian_male_20_0_1_1_1_1.jpg,0,1,1,1,1
100570_Indian_male_17_0_0_1_1_0.jpg,0,0,1,1,0
100573_black_male_19_0_0_1_1_0.jpg,0,0,1,1,0
100577_Indian_female_24_1_0_1_1_1.jpg,1,0,1,1,1
100582_Indian_male_29_0_0_1_1_1.jpg,0,0,1,1,1
100593_black_male_46_0_0_0_1_0.jpg,0,0,0,1,0
100597_Indian_male_18_0_0_1_1_0.jpg,0,0,1,1,0
100604_black_male_18_0_0_1_1_0.jpg,0,0,1,1,0
100631_Indian_male_21_1_1_1_1_0.jpg,1,1,1,1,0
100644_Indian_male_57_0_0_1_1_1.jpg,0,0,1,1,1
100669_black_female_17_1_0_0_1_0.jpg,1,0,0,1,0
100673_black_female_18_1_0_1_1_0.jpg,1,0,1,1,0
100678_black_female_17_1_0_1_1_0.jpg,1,0,1,1,0
100679_Indian_male_22_0_1_0_1_0.jpg,0,1,0,1,0
100687_black_male_23_0_0_1_1_0.jpg,0,0,1,1,0
100694_Indian_female_25_0_0_1_1_0.jpg,0,0,1,1,0
100700_Indian_male_27_0_0_1_1_1.jpg,0,0,1,1,1
100701_Indian_male_25_0_0_1_1_0.jpg,0,0,1,1,0
100714_black_male_23_0_0_1_1_0.jpg,0,0,1,1,0
100714_Indian_male_21_0_0_1_1_0.jpg,0,0,1,1,0
100722_Indian_male_39_0_1_1_1_0.jpg,0,1,1,1,0
100723_Indian_male_22_1_1_1_1_1.jpg,1,1,1,1,1
100733_black_male_23_0_0_1_1_0.jpg,0,0,1,1,0
100753_black_male_23_1_1_1_1_0.jpg,1,1,1,1,0
100753_Indian_female_19_0_0_1_1_1.jpg,0,0,1,1,1
100757_Indian_male_20_0_0_1_1_0.jpg,0,0,1,1,0
100798_black_female_25_1_0_1_1_0.jpg,1,0,1,1,0
100806_Indian_male_33_0_1_1_1_1.jpg,0,1,1,1,1
100817_Indian_male_20_0_0_1_1_1.jpg,0,0,1,1,1
100829_Indian_male_23_0_0_1_1_1.jpg,0,0,1,1,1
100850_Indian_male_17_1_0_1_1_1.jpg,1,0,1,1,1
100889_Indian_male_19_0_0_1_1_0.jpg,0,0,1,1,0
100898_Indian_female_23_0_0_1_1_1.jpg,0,0,1,1,1
100901_black_male_24_1_0_0_1_0.jpg,1,0,0,1,0
100902_black_male_23_0_0_1_1_0.jpg,0,0,1,1,0
100911_black_female_24_1_0_1_1_0.jpg,1,0,1,1,0
100919_Indian_male_25_0_0_1_1_1.jpg,0,0,1,1,1
100921_black_male_27_1_0_1_1_0.jpg,1,0,1,1,0
100934_Indian_female_28_0_0_0_1_1.jpg,0,0,0,1,1
100943_black_female_23_1_0_0_1_0.jpg,1,0,0,1,0
100952_Indian_male_19_0_0_1_1_1.jpg,0,0,1,1,1
100954_black_male_25_1_1_1_1_0.jpg,1,1,1,1,0
100959_Indian_male_19_0_0_1_1_1.jpg,0,0,1,1,1
100972_Indian_male_25_0_0_1_1_1.jpg,0,0,1,1,1
100987_black_female_29_1_0_1_1_0.jpg,1,0,1,1,0
100989_black_female_23_0_0_1_1_0.jpg,0,0,1,1,0
100996_black_male_19_1_1_1_1_0.jpg,1,1,1,1,0
100999_black_female_20_0_0_1_1_0.jpg,0,0,1,1,0
101007_black_male_29_1_0_1_1_0.jpg,1,0,1,1,0
101014_black_female_21_1_0_1_1_0.jpg,1,0,1,1,0
101023_Indian_female_52_0_0_1_1_0.jpg,0,0,1,1,0
101026_black_male_44_1_0_1_1_0.jpg,1,0,1,1,0
101041_Indian_male_25_1_1_1_1_1.jpg,1,1,1,1,1
101052_black_male_20_1_0_1_1_0.jpg,1,0,1,1,0
101068_black_male_25_1_1_1_1_0.jpg,1,1,1,1,0
101071_Indian_male_30_0_0_1_1_0.jpg,0,0,1,1,0
101072_Indian_male_50_0_0_1_1_0.jpg,0,0,1,1,0
101155_Indian_female_22_0_0_1_0_0.jpg,0,0,1,0,0
101201_Indian_female_24_0_0_1_1_0.jpg,0,0,1,1,0
101215_Indian_male_28_0_0_1_1_0.jpg,0,0,1,1,0
101216_Indian_female_31_0_0_1_1_0.jpg,0,0,1,1,0
101220_Indian_female_52_1_1_1_1_0.jpg,1,1,1,1,0
101225_Indian_female_23_0_1_1_1_0.jpg,0,1,1,1,0
101231_Indian_female_25_0_0_1_1_0.jpg,0,0,1,1,0
101246_Indian_female_35_0_0_1_1_1.jpg,0,0,1,1,1
101264_Indian_female_17_0_0_1_1_1.jpg,0,0,1,1,1
101286_Indian_female_30_0_0_1_1_1.jpg,0,0,1,1,1
101292_Indian_male_22_0_0_1_1_1.jpg,0,0,1,1,1
101295_Indian_female_17_0_0_1_1_1.jpg,0,0,1,1,1
101296_Indian_male_57_0_0_1_1_0.jpg,0,0,1,1,0
101311_Indian_male_26_1_1_1_1_0.jpg,1,1,1,1,0
101319_Indian_female_19_0_0_1_1_0.jpg,0,0,1,1,0
101323_Indian_female_23_1_0_1_1_1.jpg,1,0,1,1,1
101325_Indian_male_30_0_0_1_1_0.jpg,0,0,1,1,0
101341_Indian_male_50_0_0_1_1_0.jpg,0,0,1,1,0
101351_Indian_male_32_1_1_1_1_1.jpg,1,1,1,1,1
101371_Indian_male_31_0_0_1_0_0.jpg,0,0,1,0,0
101377_Indian_female_27_0_0_1_1_1.jpg,0,0,1,1,1
101392_Indian_female_21_0_0_1_1_0.jpg,0,0,1,1,0
101404_Indian_female_23_0_0_1_1_1.jpg,0,0,1,1,1
101420_Indian_female_22_0_0_1_1_1.jpg,0,0,1,1,1
101421_Indian_male_17_0_1_1_1_0.jpg,0,1,1,1,0
B0000354_Vietnam_male_20_0_0_1_1_0.jpg,0,0,1,1,0
B0000384_Vietnam_male_16_0_0_1_1_0.jpg,0,0,1,1,0
B0000400_Vietnam_male_17_1_0_1_1_1.jpg,1,0,1,1,1
B0000437_Vietnam_male_16_1_1_1_1_1.jpg,1,1,1,1,1
B0000444_Vietnam_male_17_0_0_1_1_0.jpg,0,0,1,1,0
B0000452_Vietnam_male_18_1_1_1_0_0.jpg,1,1,1,0,0
B0000458_Vietnam_male_20_1_0_1_1_0.jpg,1,0,1,1,0
B0000560_Vietnam_female_14_1_1_1_0_0.jpg,1,1,1,0,0
B0000677_Vietnam_female_48_0_0_1_1_0.jpg,0,0,1,1,0
B0000726_Vietnam_female_64_0_0_1_1_0.jpg,0,0,1,1,0
B0000739_Vietnam_female_46_0_0_1_1_1.jpg,0,0,1,1,1
B0000764_Vietnam_female_70_0_0_1_1_0.jpg,0,0,1,1,0
B0000784_Vietnam_female_72_0_0_1_1_1.jpg,0,0,1,1,1
B0000840_Vietnam_female_15_0_0_1_0_0.jpg,0,0,1,0,0
D0000091_Philippines_male_20_0_0_1_1_0.jpg,0,0,1,1,0
D0000098_Philippines_female_36_1_1_1_1_1.jpg,1,1,1,1,1
D0000613_Philippines_male_27_0_0_1_0_0.jpg,0,0,1,0,0
D0000643_Philippines_female_9_0_0_0_1_0.jpg,0,0,0,1,0
H0000326_Cambodia_female_17_1_1_0_1_0.jpg,1,1,0,1,0
H0000329_Cambodia_female_48_0_0_1_1_0.jpg,0,0,1,1,0
H0000376_Cambodia_male_17_0_0_1_1_0.jpg,0,0,1,1,0
Z0000058_Indonesia_female_21_0_0_1_1_1.jpg,0,0,1,1,1
Z0000065_Indonesia_male_48_0_0_1_1_0.jpg,0,0,1,1,0
Z0000071_Indonesia_female_37_0_0_1_1_0.jpg,0,0,1,1,0
Z0000074_Indonesia_female_11_0_0_0_1_0.jpg,0,0,0,1,0
Z0000099_Indonesia_female_13_0_0_1_1_1.jpg,0,0,1,1,1
Z0000158_Indonesia_male_44_0_1_1_1_0.jpg,0,1,1,1,0
Z0000828_Indonesia_female_51_1_0_1_1_0.jpg,1,0,1,1,0
